Activist Post,4,2017,fake news,federal reserve,chemical weapons,donald trump,wi fi,national security,south korea,regime change,drug war,ionizing radiation
Activist Post,5,2017,donald trump,fox news,fbi director,george soros,transit police,federal reserve,james comey,wall street,attorney general,julian assange
Activist Post,6,2017,hillary clinton,federal reserve,wi fi,donald trump,saudi arabia,deep state,san diego,al qaeda,los angeles,state department
Activist Post,7,2017,al hasakah,common core,smart meter,saudi arabia,smart meters,police state,clark jr,abdul kareem,counter markets,fake news
Activist Post,8,2017,cold war,south korean,wall street,attorney general,south korea,cbs news,air force,southeast asia,north korean,donald trump
Activist Post,9,2017,fourth amendment,supreme court,federal reserve,air force,security council,north korean,al hasakah,white house,hillary clinton,manhattan project
Activist Post,10,2017,wi fi,wall street,smart meter,los angeles,mandalay bay,public utility,attorney general,las vegas,smart meters,ami smart meters
Addicting Info,4,2017,north korea,supreme court,chemical weapons,sexual harassment,health care,saturday night live,hillary clinton,vladimir putin,national parks,devin nunes
Addicting Info,5,2017,fox news,civil war,hillary clinton,andrew jackson,attorney general,health care,donald trump,press secretary,health insurance,paul ryan
Addicting Info,6,2017,james comey,fox news,pro life,hillary clinton,fake news,oval office,white house,paul ryan,sean hannity,health care
Addicting Info,7,2017,attorney general,health care,hillary clinton,fox news,vladimir putin,white house,climate change,g 20,jared kushner,paul manafort
Alternative Media Syndicate,4,2017,african americans,planned parenthood,coca cola,north dakota,north america,fox news,civil rights,al qaeda,climate change,united nations
Alternative Media Syndicate,5,2017,south dakota,north dakota,north carolina,duke energy,dakota access,energy transfer partners,dakota access pipeline,standing rock,coal ash,drinking water
Alternative Media Syndicate,6,2017,prime minister,fossil fuel,al qaeda,drinking water,dog meat,united states,federal government,white helmets,police officer,arctic refuge
Alternative Media Syndicate,7,2017,self defense,health,high,officer,sugar,food,police,court,brain,pain
Alternative Media Syndicate,8,2017,war,department,population,company,change,force,car,white,government,federal
Alternative Media Syndicate,10,2017,# * # * to,# * # *,* # * #,# * #,* # *,* #,according to,full auto,hacking team,the fbi
AP,4,2017,north korean,north korea,white house,supreme court,net neutrality,prime minister,nuclear weapons,south korea,climate change,middle class
AP,5,2017,hillary clinton,royal court,north korea,north korean,justice department,antiquities act,president donald trump,marine corps,human rights,islamic state
AP,6,2017,supreme court,prime minister,north korea,barack obama,hillary clinton,president donald trump,vice president,health care,congressional budget office,climate change
AP,7,2017,white house,affordable care act,president donald trump,mitch mcconnell,national security,donald trump,hillary clinton,health care,the white house,barack obama's
BBC,4,2017,borussia dortmund,boston marathon,hong kong,prince harry,red bull,carl vinson,bayern munich,crystal palace,hillary clinton,jeremy corbyn
BBC,5,2017,premier league,manchester united,attorney general,south korean,south korea,north korean,francois hollande,barack obama,greater manchester,james comey
BBC,6,2017,premier league,south africa,london bridge,real madrid,saudi arabia,manchester united,hong kong,foreign minister,barack obama,chemical weapons
BBC,7,2017,saudi arabia,manchester united,los angeles,vladimir putin,south africa,prime minister,tracy austin,premier league,hillary clinton,liu xiaobo
BBC,8,2017,saudi arabia,solheim cup,harris county,philippe coutinho,south korean,peter madsen,donald trump,south african,south korea,premier league
BBC,9,2017,philippe coutinho,bayern munich,moeen ali,mauricio pochettino,mount agung,hillary clinton,las vegas,etihad stadium,romelu lukaku,lindsey graham
BBC,10,2017,sam allardyce,costa rica,guardia civil,gareth bale,san francisco,lionel messi,justin trudeau,crystal palace,saudi arabia,sebastian vettel
Bipartisan Report,4,2017,north korean,affordable care act,president obama,devin nunes,wall street journal,white house,north korea,health care,secret service,susan rice
Bipartisan Report,5,2017,andrew jackson,state department,fox news,saudi arabia,hillary clinton,supreme court,health care,oval office,senate intelligence committee,social media
Bipartisan Report,6,2017,prime minister,north korea,middle east,mitch mcconnell,attorney general,james comey,paul ryan,jeff sessions,fbi director,fox news
Bipartisan Report,7,2017,white house,hillary clinton,fox news,vladimir putin,new york,g 20,russia,putin,americans,democratic
Bipartisan Report,8,2017,fox news,hurricane harvey,white supremacist,neo nazis,secret service,attorney general,white house,domestic terrorism,hillary clinton,white supremacy
Bipartisan Report,9,2017,roger goodell,san francisco,north korea,puerto rico,north korean,south carolina,san juan,jeff sessions,lindsey graham,mitch mcconnell
Bipartisan Report,10,2017,mental health,north korea,frederica wilson,supreme court,barack obama,puerto rico,insurance companies,hillary clinton,puerto ricans,climate change
Breitbart,4,2017,north korean,south carolina,bernie sanders,rand paul,xi jinping,huffington post,north carolina,north dakota,silicon valley,ted cruz
Breitbart,5,2017,central america,city council,attorney general,jeff sessions,climate change,supreme court,tel aviv,travis county,girl scouts,san francisco
Breitbart,6,2017,paul ryan,north korea,hillary clinton,nbc news,barack obama,judicial watch,bernie sanders,san francisco,san diego,border patrol
Breitbart,7,2017,hillary clinton,barack obama,fox news,pope francis,jeff sessions,executive order,fake news,high court,great ormond street hospital,san francisco
Breitbart,8,2017,marco rubio,stonewall jackson,albemarle county,fake news,thomas jefferson,lindsey graham,terry mcauliffe,steve scalise,city manager,european union
Breitbart,9,2017,mo brooks,nigel farage,dean heller,north dakota,ted cruz,charlie rose,north korean,marco rubio,karl rove,el salvador
Breitbart,10,2017,lindsey graham,rand paul,ted cruz,san juan,pope francis,south carolina,manus island,silicon valley,san francisco,saudi arabia
Business Insider,4,2017,north korea,north korean,business insider,south korea,white house,supreme court,prime minister,chemical weapons,health care,president donald trump
Business Insider,5,2017,white house,fbi director,james comey,north korea,united states,national security,president donald trump,donald trump,le pen,clinton
Business Insider,6,2017,business insider,north korea,white house,donald trump,washington,american,democratic,court,america,party
Business Insider,7,2017,business insider,north korea,net neutrality,president donald trump,donald trump,title ii,new york,putin,white house,washington
Business Insider,8,2017,north korea,monument avenue,white house,north korean,president donald trump,donald trump,united states,north korea's,metropolitan areas,u.s
Business Insider,9,2017,white house,north korea,united states,president donald trump,donald trump,nfl,obama,news,american,russia
Business Insider,10,2017,las vegas,puerto rico,north korea,president donald trump,insular cases,white house,climate change,donald trump,china,clinton
BuzzFeed,4,2017,white house,fox news,sexual orientation,attorney general,lethal injection,supreme court,donald trump,vecuronium bromide,high court,sexual harassment
BuzzFeed,5,2017,james comey,health care,civil rights,supreme court,democratic party,hillary clinton,justice department,fbi director,fox news,executive order
BuzzFeed,6,2017,supreme court,vice president,washington post,civil rights,national security,san antonio,social media,black lives matter,white house,justice department
BuzzFeed,7,2017,attorney general,hobby lobby,lana del rey,hillary clinton,washington post,white house,supreme court,united states,justice department,health care
BuzzFeed,8,2017,planned parenthood,white house,supreme court,justice department,republican party,white supremacists,attorney general,white supremacist,death penalty,president donald trump
BuzzFeed,9,2017,roy moore,attorney general,vice president,white house,executive order,supreme court,wealth tax,donald trump,justice department,the white house
BuzzFeed,10,2017,college republicans,national anthem,president obama,vice president,white house,donald trump,washington,nfl,clinton,republicans
CBS News,4,2017,planned parenthood,devin nunes,nikki haley,bernie sanders,south carolina,supreme court,white house,north korea,north carolina,oval office
CBS News,5,2017,norah o'donnell,notre dame,capitol hill,gayle king,saudi arabia,north korea,charlie rose,reince priebus,middle east,president obama
CBS News,6,2017,chuck schumer,joe manchin,chemical weapons,pat toomey,hillary clinton,north korea,west virginia,justice department,cbs news,white house
CBS News,7,2017,hillary clinton,al gore,north korea,cbs news,white house,state department,foreign minister,vladimir putin,susan collins,john mccain
CBS News,8,2017,secret service,supreme court,robert mueller,fox news,treasury secretary,hillary clinton,al qaeda,minority leader,south korea,jeff flake
CBS News,9,2017,lindsey graham,nikki haley,rand paul,bob corker,marco rubio,north dakota,mark warner,rick scott,los angeles,chuck schumer
CBS News,10,2017,lindsey graham,sandy hook,north korea,wall street journal,nikki haley,saudi arabia,san juan,attorney general,secret service,lamar alexander
CNBC,4,2017,carl vinson,goldman sachs,palm beach,north korea,san francisco,silicon valley,mitch mcconnell,health care,ballistic missile,chemical weapons
CNBC,5,2017,paul ryan,hillary clinton,treasury secretary,attorney general,supreme court,capitol hill,classified information,wall street,north korea,justice department
CNBC,6,2017,north korea,saudi arabia,squawk box,united nations,supreme court,nbc news,white house,congressional budget office,treasury secretary,mitch mcconnell
CNBC,7,2017,north korea,wall street,nbc news,john mccain,rand paul,hillary clinton,climate change,single payer,fbi director,susan collins
CNBC,8,2017,north korea,health care,white house,usa today,ballistic missiles,north korean,south korea,south korean,squawk box,neo nazis
CNBC,9,2017,hurricane maria,lindsey graham,puerto rico,rocket man,orrin hatch,janet yellen,rand paul,jeff sessions,general assembly,mark zuckerberg
CNBC,10,2017,hillary clinton,bob corker,capitol hill,hurricane maria,north korean,las vegas,nuclear weapons,ted cruz,san francisco,chuck schumer
CNN,4,2017,lindsey graham,antonin scalia,rand paul,fox news,bernie sanders,super bowl,ninth circuit,san diego,planned parenthood,nikki haley
CNN,5,2017,south carolina,saudi arabia,lester holt,north korean,michelle obama,supreme court,erin burnett,hillary clinton,oval office,susan collins
CNN,6,2017,hillary clinton,bernie sanders,dean heller,north korea,planned parenthood,state department,justice department,mitch mcconnell,fox news,north korean
CNN,7,2017,jeff flake,air force,west virginia,capitol hill,north korea,barack obama,rand paul,abc news,john mccain,attorney general
CNN,8,2017,corpus christi,rust belt,ku klux klan,maricopa county,north korea,south carolina,cory gardner,nancy pelosi,fox news,chuck schumer
CNN,9,2017,ted cruz,adam schiff,pennsylvania avenue,lindsey graham,susan collins,supreme court,dominican republic,dean heller,lisa murkowski,west wing
CNN,10,2017,dianne feinstein,frederica wilson,reince priebus,west wing,bob corker,john cornyn,ralph northam,bernie sanders,patty murray,amy klobuchar
CNS News,4,2017,south korea,hillary clinton,north korea,fox news,civil rights,barack obama,attorney general,human rights,justice department,north korean
CNS News,5,2017,attorney general,planned parenthood,fbi director,national security,foreign minister,executive order,climate change,classified information,oval office,health care
CNS News,6,2017,supreme court,north korea,islamic state,white house,president donald trump,health care,donald trump,climate change,united states,press secretary
CNS News,7,2017,president donald trump,white house,health care,donald trump,the white house,sea change,president trump,house,major health care programs,u.s
CNS News,8,2017,supreme court,ballistic missiles,minimum wage,barack obama,civil rights,north korean,national anthem,paul ryan,human rights,civil war
CNS News,9,2017,hillary clinton,minority leader,washington post,national anthem,foreign minister,white house,civil rights,chuck schumer,human rights,hurricane harvey
CNS News,10,2017,san francisco,puerto rico,attorney general,white house,los angeles,fox news,planned parenthood,national anthem,north korea,nuclear weapons
Conservative Tribune,4,2017,white house,south korean,south korea,supreme court,north korean,susan rice,san diego,james mattis,north korea,fox news
Conservative Tribune,5,2017,north korea,barack obama,fox news,james comey,north korean,maxine waters,attorney general,fbi director,white house,health care
Conservative Tribune,6,2017,islamic state,bernie sanders,north korea,white house,james comey,hillary clinton,fox news,fbi director,barack obama,kathy griffin
Conservative Tribune,7,2017,north korea,hillary clinton,north korean,fox news,white house,president donald trump,donald trump,u.s,house,american
Conservative Tribune,8,2017,hillary clinton,fox news,south korean,south korea,white house,north korean,air force,black lives matter,justice department,north korea
Conservative Tribune,9,2017,minority leader,secret service,human rights,business insider,security council,justice department,fbi director,white house,south korea,general assembly
Conservative Tribune,10,2017,hillary clinton,harvey weinstein,jimmy kimmel,puerto rico,north korea,bernie sanders,south korean,state department,puerto rican,white house
Counter Current News,4,2017,north korea,african american,south korea,fox news,al qaeda,washington post,saudi arabia,bashar al assad,attorney general,north dakota
Counter Current News,5,2017,executive order,medical cannabis,child marriage,sexual abuse,social media,preterm birth,north dakota,hemp oil,donald trump,pre existing
Counter Current News,6,2017,fast food,medical marijuana,climate change,fake news,organic coup,black girls,law enforcement,police officer,department,president
Counter Current News,7,2017,police officer,president,news,department,house,justice,river,public,court,district
Counter Current News,8,2017,african american,neo nazi,poland spring,donald trump,fox news,white supremacist,deadly force,white nationalist,white supremacists,hurricane harvey
Counter Current News,9,2017,san francisco,las vegas,puerto rico,north korea,hurricane harvey,colin kaepernick,los angeles,kansas city,white supremacy,high school
Counter Current News,10,2017,white supremacist,foreign policy,las vegas,miami beach,donald trump,white supremacists,mandalay bay,mass shooting,civil rights,high school
Daily Buzz Live,6,2017,male dna,dna,police,male,women,NULL,NULL,NULL,NULL,NULL
Daily Buzz Live,7,2017,atari,li,second,NULL,NULL,NULL,NULL,old,NULL,NULL
Daily Buzz Live,9,2017,hurricane,irma,storm,NULL,NULL,NULL,NULL,NULL,NULL,NULL
Daily Buzz Live,10,2017,police,rifles,room,paddock,NULL,NULL,NULL,found,NULL,NULL
Daily Kos,4,2017,fox news,national security,paul ryan,social security,justice department,hillary clinton,president obama,health care,executive order,washington post
Daily Kos,5,2017,hillary clinton,wall street,james comey,early voting,white house,vice president,daily kos,national security,supreme court,fbi director
Daily Kos,6,2017,attorney general,bernie sanders,james comey,fox news,jeremy corbyn,fake news,north korea,ted cruz,climate change,health care
Daily Kos,7,2017,health care,mitch mcconnell,affordable care act,health insurance,charter schools,daily kos,garlin gilchrist ii,skinny repeal,white house,donald trump
Daily Kos,8,2017,fake news,attorney general,robert mueller,mitch mcconnell,fox news,neo nazi,civil rights,health care,north korea,white house
Daily Kos,9,2017,barack obama,hillary clinton,supreme court,paul ryan,fake news,civil rights,attorney general,white house,jeff sessions,robert mueller
Daily Kos,10,2017,bob corker,puerto rico,north carolina,las vegas,health insurance,supreme court,working class,tax reform,african americans,health care
Daily Mail,4,2017,lindsey graham,downing street,los angeles,saudi arabia,nikki haley,devin nunes,north korean,south korean,planned parenthood,san francisco
Daily Mail,5,2017,jens stoltenberg,lindsey graham,capitol hill,sergei lavrov,mahmoud abbas,paul ryan,john mccain,pope francis,hillary clinton,malcolm turnbull
Daily Mail,6,2017,hillary clinton,anderson cooper,elon musk,united states,north korea,national security advisor,vladimir putin,fbi director,saudi arabia,witch hunt
Daily Mail,7,2017,justice department,barack obama,fake news,sean hannity,fox news,great ormond street,robert mueller,hillary clinton,vice president,fbi director
Daily Mail,8,2017,thomas jefferson,camp david,jeff flake,jake tapper,south korea,shinzo abe,claire mccaskill,west wing,hurricane harvey,david duke
Daily Mail,9,2017,jacksonville jaguars,san diego,nikki haley,susan collins,san juan,scotland yard,lisa murkowski,lindsey graham,los angeles,dallas cowboys
Daily Mail,10,2017,north korea,las vegas,puerto rico,puerto ricans,san juan,san francisco,north korean,bob corker,north carolina,chuck schumer
Daily Stormer,4,2017,tucker carlson,anti semitic,anti semitism,north korean,prime minister,north korea,marine le pen,tax reform,health care,adolf hitler
Daily Stormer,5,2017,anti semitism,fox news,donald trump,saudi arabia,civil war,human rights,emmanuel macron,white house,richard spencer,cuck knight
Daily Stormer,6,2017,attorney general,hate crime,white house,donald trump,united states,paris accord,comey,fbi,white people,hillary
Daily Stormer,7,2017,want to,need to,in fact,of course,the same,the first,one of,going to,as well,to do
Daily Stormer,8,2017,black death,true ns,europe,russian,google,hiv,officer,public,jews,aids
Drudge Report,4,2017,north korean,vice president,north korea,white house,donald trump,west wing,united states,red carpet,national security,kim jong un
Drudge Report,6,2017,tax reform,attorney general,fox news,health care,chemical weapons,human rights,social media,white house,national security,donald trump
Drudge Report,7,2017,bernie sanders,fox news,mitch mcconnell,united states,supreme court,spider man,islamic state,north korea,president donald trump,white house
Drudge Report,8,2017,lake charles,north korean,free speech,harris county,neo nazi,united nations,mental health,fox news,port arthur,south korean
Drudge Report,9,2017,islamic state,roy moore,lindsey graham,rand paul,virgin islands,jennifer lawrence,colin kaepernick,hurricane harvey,megyn kelly,scotland yard
Drudge Report,10,2017,jason aldean,asia argento,vladimir putin,julia roberts,bernie sanders,woody allen,brian sandoval,pope francis,jefferson parish,jimmy fallon
Endthe Fed,4,2017,free market,money,banking,government,federal reserve,reserve,free,NULL,NULL,NULL
Endthe Fed,5,2017,the federal,NULL,NULL,NULL,NULL,NULL,NULL,NULL,NULL,NULL
Faking News,4,2017,air india,modi,indians,kohli,vijay,sachin,court,pune,deepika,iit
Faking News,5,2017,social media,president,minister,cricket,kejriwal,modi,sachin,trump,card,mumbai
Faking News,6,2017,learnt by faking news,told faking news,faking news reporter,part of,of india,lot of,the country,the first,the movie,the government
Faking News,7,2017,rahul gandhi,police,indian,india,modi,rahul,coach,arnab,iifa,media
Faking News,8,2017,rahul gandhi,gurmeet ram rahim,dahi handi,social media,supreme court,ram rahim,delhi,ram,modi,singh
Faking News,9,2017,virat kohli,arvind kejriwal,bullet train,rahul gandhi,tim cook,gurmeet ram rahim,arun jaitley,ram rahim,social media,police
Faking News,10,2017,supreme court,social media,the supreme court,mumbai,delhi,police,court,government,modi,india
Fox News,4,2017,north korean,carl vinson,north korea,south sudan,dana perino,planned parenthood,supreme court,mick mulvaney,antonin scalia,secret service
Fox News,5,2017,middle east,supreme court,saudi arabia,north korean,north korea,fox news,security clearance,white house,reince priebus,barack obama
Fox News,6,2017,robert mueller,hillary clinton,south carolina,attorney general,north korea,vice president,supreme court,minority leader,james comey,fox news
Fox News,7,2017,vladimir putin,mitch mcconnell,fox news,white house,supreme court,health care,tax reform,hillary clinton,g 20,twitter
Fox News,8,2017,roy moore,reince priebus,tax reform,hurricane harvey,fox news,hillary clinton,planned parenthood,howard kurtz,white house,human rights
Fox News,9,2017,price tag,hydrogen bomb,north korea,camp david,north korean,white house,howard kurtz,jeff sessions,south carolina,white supremacist
Freedom Daily,4,2017,south korea,mike pence,sharia law,air force,hillary clinton,south korean,african american,hunger strike,female genital mutilation,united airlines
Freedom Daily,5,2017,human rights,presidential election,air force,health care,fox news,marine le pen,times square,justice department,attorney general,hillary clinton
Freedom Daily,6,2017,air force,fox news,executive order,kathy griffin,social security,secret service,barack obama,judicial watch,sharia law,james comey
Freedom Daily,7,2017,attorney general,north korea,air force,kid rock,health care,white house,president donald trump,barack obama,ivanka trump,donald trump
Freedom Daily,8,2017,colin kaepernick,marshawn lynch,fox news,hillary clinton,hurricane harvey,convention center,south korea,north korean,north korea,greg abbott
Freedom Daily,9,2017,los angeles,cleveland browns,puerto rico,san francisco,super bowl,north korea,north korean,dairy queen,mike tomlin,palm beach
Freedom Daily,10,2017,tennessee titans,fox news,barack obama,african american,west point,air force,attorney general,daily mail,secret service,kansas city chiefs
Freedom Outpost,4,2017,deep state,supreme court,white house,barack obama,donald trump,united nations,president donald trump,national security,planned parenthood,president obama
Freedom Outpost,5,2017,planned parenthood,puerto rico,saudi arabia,pro life,health care,hillary clinton,barack obama,executive order,fbi director,president donald trump
Freedom Outpost,6,2017,hillary clinton,fbi director,attorney general,white house,kathy griffin,donald trump,health care,first amendment,james comey,free speech
Freedom Outpost,7,2017,vladimir putin,john mccain,hillary clinton,kid rock,health care,intelligence community,adam schiff,white house,president donald trump,russian president
Freedom Outpost,8,2017,attorney general,muslim brotherhood,health insurance,joe arpaio,keith ellison,balanced budget,health care,white house,donald trump,national security
Freedom Outpost,9,2017,income tax,national security,white house,pro life,tax code,concealed carry,tax reform,white supremacists,health care,roy moore
Freedom Outpost,10,2017,mitch mcconnell,executive order,white house,hillary clinton,health care,gun control,semi automatic,donald trump,steve bannon,federal government
FrontPage Magazine,4,2017,otto frank,platte river,anti semitism,justice department,anne frank,susan rice,black lives matter,free speech,state department,fake news
FrontPage Magazine,5,2017,palestinian authority,washington post,fbi director,bernie sanders,middle east,al qaeda,north korea,social justice,donald trump,fake news
FrontPage Magazine,6,2017,attorney general,african american,social justice,fake news,anti semitism,free speech,national security,bernie sanders,washington post,left wing
FrontPage Magazine,7,2017,white house,foreign policy,washington post,social justice,donald trump,social media,national security,fake news,united states,left wing
FrontPage Magazine,8,2017,muslim brotherhood,neo nazis,political warfare,black lives matter,fake news,black nationalist,social justice,anti semitism,susan rice,free speech
FrontPage Magazine,9,2017,electoral college,bernie sanders,black nationalist,free speech,north korea,national security,human rights,social justice,hate group,left wing
FrontPage Magazine,10,2017,puerto rico,north korea,harvey weinstein,gun control,identity politics,black nationalist,law enforcement,hillary clinton,israel,hillary
Fusion,5,2017,bottled water,offshore drilling,tap water,climate change,public lands,_ _,united states,filtered water,paris,house
Fusion,6,2017,carbon dioxide,renewable energy,fossil fuel,grizzly bears,los angeles,greenhouse gas,greenhouse gas emissions,naked truth,united states,national park
Fusion,7,2017,& # 8221,& # 8220,game of thrones,& # 8217,& #,energy,video,game,trump,sessions
Fusion,8,2017,that & # 8217,trump & # 8217,& # 8220,& # 8221,& # 8217,the iron heel,that & #,the price,the country,& #
Fusion,9,2017,student loan,health care,federal government,tv,education,donald,queens,star,house,government
Fusion,10,2017,sam smith,puerto rico,ocean city,united states,raphael orlove,president,culture,raphael,trump,white
Glossy News,4,2017,a #,#,NULL,like,NULL,one,NULL,NULL,NULL,NULL
Glossy News,5,2017,senator bubble,senator,bubble,president,ha,world,mr,marta,oh,know
Glossy News,6,2017,feel free to,at least,the eagle,one of,all of,a sudden,kind of,saul friedman,to do,trump
Glossy News,7,2017,trump,president,wall,NULL,NULL,NULL,NULL,NULL,would,NULL
Glossy News,8,2017,the president,news,president,trump,button,trumps,right,self,NULL,NULL
Glossy News,9,2017,trump,public,genocide,democracy,left,donald,north,humanity,american,opinions
Glossy News,10,2017,the trump,media,trump,political,corbyn,labour,NULL,NULL,NULL,NULL
Hang The Bankers,4,2017,presidential election,trump,president,election,NULL,the french,NULL,NULL,NULL,would
Hang The Bankers,5,2017,business,political,president,trump,macrons,campaign,macron,schweizer,kushner,jared
Hang The Bankers,6,2017,clinton foundation,clinton,charity,foundation,clintons,analyst,ortel,NULL,NULL,the analyst
Hang The Bankers,7,2017,dnc,russian,trump,podesta,russia,mccain,mccains,country,war,NULL
Hang The Bankers,8,2017,government,wikileaks,NULL,NULL,NULL,NULL,NULL,NULL,NULL,NULL
Hang The Bankers,9,2017,clinton,sanders,campaign,NULL,NULL,NULL,NULL,NULL,NULL,NULL
Humor Times,4,2017,of new content on humortimes.com,the above content leave,subscribe via email,a comment below,by like,get notified,last modified,war,president,house
Humor Times,5,2017,white house,door,comey,house,white,hair,donald,news,email,president
Humor Times,6,2017,white house,the white house,merkel,rachel,donald,president,news,white,trump,war
Humor Times,7,2017,health care,mcconnell,care,big,subscribe via email,trump,president,email,news,leave
Humor Times,8,2017,white house,donald trump,coal,state,political,care,room,states,news,house
Humor Times,9,2017,health care,donald trump,film,insurance,government,white,live,long,loves,world
Humor Times,10,2017,trump,house,gun,president,news,film,movie,robots,scene,years
Infowars,4,2017,north korea,susan rice,white house,air force,united states,donald trump,president donald trump,president obama,barack obama,national security
Infowars,5,2017,pro life,hillary clinton,fake news,vice president,james comey,national security,white house,fox news,washington post,president obama
Infowars,6,2017,steve scalise,hillary clinton,left wing,sandy hook,fbi director,attorney general,rand paul,bernie sanders,social media,fox news
Infowars,7,2017,mental health,justice department,health care,capitol police,hard drives,supreme court,jeff sessions,attorney general,mitch mcconnell,state department
Infowars,8,2017,fox news,republican party,alt left,justice department,left wing,civil war,attorney general,donald trump,hillary clinton,hurricane harvey
Infowars,9,2017,national anthem,fake news,united states,hurricane harvey,fox news,hillary clinton,white supremacist,donald trump,los angeles,white house
Infowars,10,2017,harvey weinstein,fake news,hillary clinton,fox news,mandalay bay,vice president,gun control,las vegas,gun violence,mass shooting
Intellihub,4,2017,fox news,susan rice,deep state,federal reserve,air force,north korea,white house,north korean,donald trump,kim jong un
Intellihub,5,2017,north korea,white house,attorney general,hillary clinton,united states,seth rich,obama,clinton,hanford,nsa
Intellihub,6,2017,national security,north korea,trump,director,state,russian,clinton,north,classified,nuclear
Intellihub,7,2017,the two,according to,president,clinton,putin,house,trump,russian,obama,russia
Intellihub,8,2017,hillary clinton,justice department,fox news,robert mueller,cook county,civil war,white house,political warfare,white supremacists,national security
Intellihub,9,2017,van cliburn,deep state,donald trump,u.s,washington,war,clinton,fbi,police,daily
Intellihub,10,2017,united states,clinton,president,department,state,trump,obama,uranium,russian,fbi
Investors Business Daily,4,2017,hillary clinton,wall street,minimum wage,north korea,jpmorgan chase,social security,supreme court,susan rice,climate change,global warming
Investors Business Daily,5,2017,vladimir putin,food stamps,deputy attorney general,wall street,civil war,south korea,wall street journal,nuclear weapons,hillary clinton,north korea
Investors Business Daily,6,2017,steve scalise,wall street,nancy pelosi,barack obama,bernie sanders,white house,kathy griffin,hillary clinton,loretta lynch,minimum wage
Investors Business Daily,7,2017,fake news,hillary clinton,working class,social security,global warming,missile defense,north korea,vladimir putin,south korea,climate change
Investors Business Daily,8,2017,global warming,hillary clinton,intellectual property,bernie sanders,attorney general,barack obama,wall street,los angeles times,los angeles,climate change
Investors Business Daily,9,2017,climate change,puerto rico,missile defense,global warming,free speech,tax code,social security,north carolina,nancy pelosi,white supremacists
Investors Business Daily,10,2017,hillary clinton,las vegas,attorney general,social security,white house,north korea,jones act,wal mart,tax cut,tax reform
Liberty Writers,4,2017,susan rice,hillary clinton,supreme court,elizabeth warren,north korea,ben carson,white house,fox news,daily mail,national security
Liberty Writers,5,2017,fbi director,hillary clinton,united states,james comey,house,donald trump,hillary,senate,state,clinton
Liberty Writers,6,2017,donald trump,kathy griffin,clinton,hillary,washington,house,democratic,democrats,american,trumps
Liberty Writers,7,2017,president trump,according to,obama,obamacare,justice,repeal,president,trump,donald,news
Liberty Writers,8,2017,maxine waters,fox news,north korea,white house,national security,donald trump,charlottesville,senate,american,general
Liberty Writers,9,2017,puerto rico,north korea,hillary clinton,paul ryan,white house,national anthem,donald trump,united states,president donald trump,republican
Liberty Writers,10,2017,jeff sessions,harvey weinstein,puerto rico,white house,national anthem,las vegas,hillary clinton,president donald trump,fake news,donald trump
Media Matters for America,4,2017,roger ailes,north korea,reproductive rights,media matters,susan rice,sean hannity,hillary clinton,echo chamber,north carolina,premiere radio networks
Media Matters for America,5,2017,conspiracy theory,fox news,special report with bret baier,health care,sean hannity,white house,attorney general,health and human services,media matters,hillary clinton
Media Matters for America,6,2017,sean hannity,white house,fox news,affordable care act,usa today,health care,planned parenthood,media matters,civil war,donald trump
Media Matters for America,7,2017,tucker carlson,clinton foundation,health care,pro trump,donald trump,sexual harassment,fox news,white house,media matters,hate group
Media Matters for America,8,2017,north korea,media matters,climate change,white supremacist,white supremacists,david duke,white house,southern poverty law center,democratic national committee,planned parenthood
Media Matters for America,9,2017,tucker carlson,los angeles,sean hannity,jimmy kimmel,steve doocy,north korea,hillary clinton,planned parenthood,southern poverty law center,justice department
Media Matters for America,10,2017,puerto rico,white supremacist,planned parenthood,guttmacher institute,sean hannity,conspiracy theorist,white nationalist,las vegas,supreme court,media matters
MotherJones,4,2017,supreme court,mother jones,fox news,hillary clinton,washington post,jeff sessions,white house,barack obama,planned parenthood,black lives matter
MotherJones,5,2017,south carolina,los angeles,puerto rico,hillary clinton,saudi arabia,mental health,executive order,pro life,barack obama,substance abuse
MotherJones,6,2017,white house,north carolina,death row,supreme court,national security,court,justice,department,news,obama
National Review,4,2017,high school,chuck schumer,climate change,marine le pen,tax reform,susan rice,south korea,national review online,free market,health care
National Review,5,2017,barack obama,james comey,hillary clinton,silicon valley,vice president,national review online,free speech,working class,south korea,north korea
National Review,6,2017,attorney general,chief justice,civil rights,hillary clinton,civil war,north korea,barack obama,justice department,bernie sanders,left wing
National Review,7,2017,national review,hillary clinton,white house,health care,donald trump,supreme court,health care reform,tax credit,western civilization,war powers
National Review,8,2017,civil rights,san francisco,identity politics,mitch mcconnell,justice department,los angeles,ninth circuit,north korea,jim crow,hillary clinton
National Review,9,2017,south korea,ted cruz,ben shapiro,seventh circuit,jay nordlinger,north korean,chelsea manning,puerto rico,san francisco,hoover institution
National Review,10,2017,mitch mcconnell,mandalay bay,bret stephens,ben shapiro,silicon valley,jay nordlinger,los angeles,puerto rico,scott pruitt,supreme court
Natural News,4,2017,breast milk,iron deficiency,space weather,golden rice,breast cancer,daily mail,susan rice,prostate cancer,trans fat,global warming
Natural News,5,2017,heavy metals,mass murder,breast milk,free speech,global warming,birth control,climate change,breast cancer,coca cola,stem cells
Natural News,6,2017,heavy metals,carbon dioxide,global warming,climate change,left wing,bay leaves,weight loss,north korea,prostate cancer,grenfell tower
Natural News,7,2017,according to,the study,the researchers,the state,the most,one of,as well,such as,more than,percent of
Natural News,8,2017,air pollution,hurricane harvey,global warming,air force,white house,sodium nitrite,social justice,daily mail,climate change,donald trump
Natural News,9,2017,planned parenthood,multiple sclerosis,artificial intelligence,puerto rico,global warming,honey bees,rna interference,ketogenic diet,north korea,climate change
Natural News,10,2017,jimmy kimmel,carbon dioxide,hillary clinton,low birth weight,james comey,antibiotic resistance,heavy metals,essential oils,automatic weapon,planned parenthood
NewsBiscuit,4,2017,prime minister,jesus,bbc,ukip,jones,cameron,labour,trump,brexit,david
NewsBiscuit,5,2017,more article by guest,more article by,more article,click for,trump,country,mr,world,years,today
NewsBiscuit,6,2017,more article by,click for,election,europe,tax,public,place,man,uk,things
NewsBiscuit,8,2017,click for more article by guest,click for more article by,click for more,for more,beep,human,trump,sex,bbc,spokesman
NewsBiscuit,9,2017,prime minister,palace,corbyn,harry,single,white,royal,big,road,free
NewsBiscuit,10,2017,more article by guest,more article by,the new,the last,a bit,one of,going to,to see,to do,click for
NewsBusters,4,2017,usa today,brian williams,planned parenthood,barack obama,chris matthews,chelsea clinton,nbc nightly news,white house,north korea,hillary clinton
NewsBusters,5,2017,law firm,fbi director,matt lauer,stephen colbert,roger ailes,tucker carlson,maxine waters,deputy attorney general,barack obama,huffington post
NewsBusters,6,2017,climate change,american,trump,kerry,america,president,carbon,news,paris,syria
NewsBusters,8,2017,colin kaepernick,hillary clinton,morning joe,san francisco,usa today,fox news,vice president,hurricane katrina,ted cruz,state department
NewsBusters,9,2017,colin kaepernick,south park,north korean,charlie rose,roy moore,stephen colbert,chuck todd,jimmy kimmel,joy behar,mitch mcconnell
NewsBusters,10,2017,supreme court,barack obama,dallas cowboys,sandy hook,harvey weinstein,roger goodell,hurricane maria,jake tapper,roy moore,savannah guthrie
Newslo,4,2017,donald trump,press secretary,white house,fox,the white house,obama,faith,assad,free,american
Newslo,5,2017,barack obama,donald trump,white house,president donald trump,president donald trumps,president trump,hillary,obama,secretary,director
Newslo,6,2017,donald trump,london,nugent,american,daily,house,insurance,media,political,election
Newslo,7,2017,white house,health care,donald trump,house,news,health,america,white,trump,paul
Newslo,8,2017,twitter,NULL,NULL,NULL,NULL,NULL,NULL,NULL,NULL,NULL
Newslo,9,2017,bitcoin,NULL,NULL,NULL,NULL,NULL,NULL,NULL,NULL,NULL
Newslo,10,2017,toys r us,toys,us,NULL,NULL,NULL,NULL,NULL,NULL,NULL
New York Daily News,4,2017,south korea,north korean,middle class,wall street,north korea,penn station,hillary clinton,staten island,bernie sanders,south korean
New York Daily News,5,2017,fox news,fbi director,foreign minister,hillary clinton,deputy attorney general,justice department,chuck schumer,president barack obama,civil war,attorney general
New York Daily News,6,2017,james comey,president barack obama,white house,fbi director,national security,supreme court,climate change,health care,city hall,barack obama
New York Daily News,7,2017,white house,hillary clinton,health care,clinton,news,russian,american,washington,putin,u.s
New York Daily News,8,2017,neo nazi,sleep apnea,affordable housing,neo nazis,north korea,north korean,white supremacist,white nationalist,white supremacists,white house
New York Daily News,9,2017,north korea,puerto rico,nassau county,lindsey graham,staten island,south korea,puerto rican,north carolina,suffolk county,virgin islands
New York Daily News,10,2017,las vegas,puerto rico,north korea,frederica wilson,staten island,attorney general,san juan,puerto ricans,hillary clinton,gun violence
New York Post,4,2017,south carolina,north carolina,south korea,north korean,north korea,real estate,fox news,supreme court,tribeca film festival,red sox
New York Post,5,2017,los angeles,hedge fund,saudi arabia,civil rights,health care,james comey,white house,disabled list,high school,social media
New York Post,6,2017,los angeles,white house,square feet,del potro,america,democratic,committee,nba,paul,castro
New York Post,7,2017,according to,the first,the two,going to,new york,year old,trump,county,city,east
New York Post,8,2017,los angeles,north korea,fox news,red sox,north korean,gluten free,united states,social media,heart disease,stolen bases
New York Post,9,2017,colin kaepernick,star spangled banner,hurricane harvey,hillary clinton,san francisco,red sox,jay cutler,odell beckham jr,south korea,barack obama
New York Post,10,2017,eli manning,mandalay bay,north korea,red sox,super bowl,odell beckham jr,colin kaepernick,san francisco,staten island,corey kluber
NODISINFO,4,2017,the truck,the zionists,the following,the world,other than,so called,no one,appears to,a real,trump
NODISINFO,5,2017,once again,fake blood,this man,in fact,the man,the fake,the purported,the following,no doubt,no one
NODISINFO,6,2017,crisis actors,crisis actor,even so,a fake,a real,a hoax,a number,any degree,to do,other than
NODISINFO,7,2017,paralysis,polio,hoax,leg,fraud,injuries,children,staged,fake,building
NODISINFO,8,2017,zionist,car,man,fake,NULL,NULL,NULL,NULL,NULL,NULL
NODISINFO,10,2017,no one,the video,gun,video,shooting,blood,wounds,vegas,fully,degree
NPR,4,2017,asian americans,wells fargo,african american,south korea,temple mount,fox news,african americans,korean peninsula,energy star,attorney general
NPR,5,2017,air force,deputy attorney general,attorney general,african american,civil war,north korea,fbi director,supreme court,saudi arabia,grand jury
NPR,6,2017,boyle heights,southeast asia,health care,air traffic control,same sex marriage,northern cheyenne,child labor,obama,district,putin
NPR,7,2017,student loan,heart disease,white house,health care,republicans,washington,the white house,american,security,putin
NPR,8,2017,attorney general,hurricane harvey,city council,north korea,waffle house,san francisco,red cross,south carolina,insurance companies,notre dame
NPR,9,2017,security council,fox news,south korean,hurricane maria,mexico city,supreme court,north korean,civil rights,hillary clinton,south carolina
NPR,10,2017,puerto rico,sonoma county,morning edition,san juan,santa rosa,attorney general,mass shooting,hurricane maria,north korea,supreme court
Observer,4,2017,wall street,african american,staten island,puerto ricans,puerto rico,hillary clinton,executive orders,north korea,civil rights,supreme court
Observer,5,2017,california democratic party,charles schumer,bernie sanders,climate change,health care,attorney general,class action lawsuit,wall street,barack obama,middle class
Observer,6,2017,hillary clinton,bernie sanders,attorney general,fbi director,national security,nancy pelosi,climate change,barack obama,social media,minority leader
Observer,7,2017,minority leader,united states,wall street,bernie sanders,hillary clinton,white house,debbie wasserman schultz,democratic party,donald trump,attorney general
Observer,8,2017,hillary clinton,bernie sanders,west virginia,attorney general,civil war,health care,fox news,white nationalist,climate change,barack obama
Observer,9,2017,attorney general,bernie sanders,hurricane harvey,north korea,barack obama,hillary clinton,white house,rachel maddow,fox news channel,puerto rico
Observer,10,2017,tallahassee democrat,hillary clinton,north korea,huffington post,wells fargo,las vegas,puerto rico,wall street,bernie sanders,buffalo news
Occupy Democrats,4,2017,south korea,attorney general,executive order,north korea,susan rice,justice department,hillary clinton,vladimir putin,supreme court,north korean
Occupy Democrats,5,2017,fbi director,attorney general,presidential election,national security advisor,national security,foreign minister,security clearance,james comey,white house,washington post
Occupy Democrats,6,2017,white house,donald trump,muslim,obama,general,ivanka,republicans,republican,saudi,court
Occupy Democrats,7,2017,donald trump,republicans,house,act,island,russian,election,federal,republican,campaign
Occupy Democrats,8,2017,white house,hurricane harvey,donald trump,american,obama,clinton,department,phoenix,republican,director
Occupy Democrats,9,2017,ted cruz,climate change,african american,white supremacist,hurricane harvey,fox news,air force,north korea,white house,health care
Occupy Democrats,10,2017,country,gun,NULL,NULL,said,NULL,NULL,NULL,NULL,NULL
Palmer Report,7,2017,donald trump,money,bank,trump,putin,meeting,mcconnell,russian,donald,person
Palmer Report,8,2017,white house,republican,news,donald trump,fake,white,house,attack,trump,donald
Palmer Report,9,2017,robert mueller,white house,fake news,republican party,hillary clinton,nancy pelosi,puerto rico,united states,secret service,trump russia
Palmer Report,10,2017,puerto ricans,puerto rico,rick perry,mike pence,las vegas,reince priebus,hillary clinton,united states,republican party,robert mueller
PBS,4,2017,south korea,south korean,minority leader,hillary clinton,xi jinping,white house,north korean,north korea,cook political report,world war ii
PBS,5,2017,capitol hill,south carolina,chuck schumer,hillary clinton,white house,north korean,pbs newshour,paul ryan,planned parenthood,justice department
PBS,6,2017,west virginia,james comey,attorney general,capitol hill,hillary clinton,nancy pelosi,mitch mcconnell,white house,john barrasso,global warming
PBS,7,2017,vice president,vladimir putin,judy woodruff,president donald trump,mitch mcconnell,donald trump,david brooks,health care,russian president,white house
PBS,8,2017,alt left,mitch mcconnell,security council,neo nazis,fox news,defense department,neo nazi,higher education,justice department,white house
PBS,9,2017,susan collins,virgin islands,nancy pelosi,lamar alexander,north korea,lindsey graham,world war ii,bernie sanders,north korean,patty murray
PBS,10,2017,patty murray,lamar alexander,hurricane maria,north carolina,pbs newshour,mitch mcconnell,attorney general,bob corker,tax reform,climate change
Politicus USA,4,2017,adam schiff,north korea,planned parenthood,bernie sanders,wall street journal,rachel maddow,chuck todd,supreme court,mike pence,sexual predator
Politicus USA,5,2017,rachel maddow,roger ailes,fox news,tucker carlson,fbi director,sean hannity,bernie sanders,classified information,deputy attorney general,nbc news
Politicus USA,6,2017,fox news,robert mueller,mitch mcconnell,hillary clinton,paul ryan,fbi director,health insurance,fake news,state department,attorney general
Politicus USA,7,2017,north korea,susan collins,hillary clinton,mitch mcconnell,fox news,secret service,white house,donald trump,tax reform,national security
Politicus USA,8,2017,north korea,fox news,neo nazi,african americans,nbc news,neo nazis,barack obama,hurricane harvey,white house,south korea
Politicus USA,9,2017,mitch mcconnell,north korean,south korean,rand paul,nancy pelosi,north korea,san juan,south korea,puerto ricans,single payer
Politicus USA,10,2017,fox news,frederica wilson,white house,puerto rico,executive order,mitch mcconnell,barack obama,donald trump,north korea,bob corker
Prntly,4,2017,nbc news,arnold palmer,el salvador,donald trump,suffolk county,north korea,united states,fake news,chemical weapons,white house
Prntly,5,2017,white house,world war,corporate tax,nordic countries,islamic state,trump,islamic,u.s,states,house
Prntly,6,2017,state,clinton,bangladesh,grassley,investigation,clintons,winner,wazed,yunus,NULL
Prntly,8,2017,barbary pirates,donald trump,slave traders,european,africa,barbary,trump,american,christian,america
Prntly,9,2017,super bowl,cake decorations manufacturer,coach,cake decorations,wholesale jerseys,league,business,baltimore,kitchen accessories factory,cheap jerseys
Real News Right Now,4,2017,white house,flight,united,bannon,kushner,mr,told,NULL,NULL,NULL
Real News Right Now,5,2017,states,sessions,mr,told,NULL,NULL,NULL,NULL,NULL,NULL
Real News Right Now,6,2017,pink,NULL,NULL,NULL,NULL,said,NULL,NULL,NULL,NULL
Real News Right Now,7,2017,trump,president,election,NULL,NULL,NULL,NULL,NULL,NULL,NULL
Real News Right Now,8,2017,american,president,NULL,NULL,NULL,NULL,NULL,NULL,NULL,NULL
Real News Right Now,9,2017,trump,president,states,told,NULL,NULL,NULL,NULL,NULL,NULL
RedState,4,2017,planned parenthood,carl vinson,north korean,net neutrality,north korea,hillary clinton,roger ailes,bernie sanders,san francisco,mitch mcconnell
RedState,5,2017,attorney general,health care,vice president,fox news,deputy attorney general,white house,net neutrality,social media,barack obama,hillary clinton
Red State,6,2017,supreme court,attorney general,saudi arabia,fbi director,white house,robert mueller,national security,health care,fox news,james comey
RedState,7,2017,net neutrality,donald trump,jr,house,u.s,clinton,paul,russian,obamacare,free
RedState,8,2017,south korea,ron paul,north korean,attorney general,mitch mcconnell,climate change,missile defense,fox news,north korea,national security
RedState,9,2017,virgin islands,lindsey graham,puerto rico,planned parenthood,north carolina,roy moore,south carolina,sergei magnitsky,kamala harris,south korea
RedState,10,2017,hurricane maria,bob corker,mitch mcconnell,north korean,ted cruz,colin kaepernick,jimmy kimmel,jeff sessions,san juan,tom petty
RT,6,2017,north korea,african american,vice president,saudi arabia,air force,islamic state,attorney general,white house,capitol police,coast guard
RT,7,2017,hobby lobby,north korean,south korean,south korea,al qaeda,abc news,foreign minister,baton rouge,north korea,secret service
RT,8,2017,south korean,north korean,thomas jefferson,south korea,judicial watch,national security advisor,vice president,islamic state,south carolina,foreign minister
RT,9,2017,south korean,hillary clinton,north korean,rand paul,puerto rico,san diego,islamic state,south korea,tropical storm,hurricane maria
RT,10,2017,puerto rico,north korean,santa rosa,jerry brown,tom petty,richard burr,napa county,mandalay bay,los angeles,sonoma county
Salon,4,2017,north korean,planned parenthood,al qaeda,border patrol,los angeles,costa rica,supreme court,san diego,san francisco,fox news
Salon,5,2017,el salvador,north carolina,medi cal,human rights,fox news,saudi arabia,foreign policy,fbi director,working class,los angeles
Salon,6,2017,saudi arabia,supreme court,hillary clinton,fox news,south carolina,south korea,black lives matter,barack obama,puerto ricans,north korea
Salon,7,2017,planned parenthood,saudi arabia,vladimir putin,hillary clinton,war machine,family planning,health care,white house,public housing,foreign policy
Salon,8,2017,fox news,world war ii,african americans,middle class,north carolina,mitch mcconnell,los angeles,barack obama,neo nazi,north korean
Salon,9,2017,ken burns,los angeles,abu zubaydah,sean hannity,puerto rico,vladimir putin,san juan,fox news,silicon valley,ted cruz
Salon,10,2017,puerto ricans,jeff sessions,health insurance,fox news,puerto rico,bernie sanders,supreme court,puerto rican,barack obama,foreign policy
Shareblue,7,2017,donald trump,republican,the white house,republicans,senate,trump,president,party,house,pence
Shareblue,8,2017,white house,fox news,hurricane harvey,joe arpaio,white supremacists,president barack obama,mike pence,white supremacist,white supremacy,planned parenthood
Shareblue,9,2017,north korea,scotland yard,hillary clinton,puerto rico,white supremacy,south carolina,voter suppression,supreme court,civil rights,jimmy kimmel
Shareblue,10,2017,planned parenthood,las vegas,puerto ricans,puerto rican,police brutality,white supremacist,puerto rico,politically correct,white house,sexual misconduct
Slate,4,2017,hillary clinton,susan rice,north korea,fox news,justice department,attorney general,supreme court,getty images,affordable care act,special election
Slate,5,2017,washington post,hillary clinton,paul ryan,fox news,congressional budget office,white house,fbi director,mike pence,vice president,justice department
Slate,6,2017,attorney general,climate change,single payer,national security,fbi director,health care,james comey,republican party,donald trump,white house
Slate,7,2017,health care,white house,don jr,donald trump,russian,republican,jr,american,democratic,house
Slate,8,2017,neo nazis,hillary clinton,white house,white supremacists,republican party,donald trump,charlottesville,u.s,americans,american
Slate,9,2017,white house,paul ryan,tax reform,national anthem,mitch mcconnell,donald trump,puerto rico,health care,working class,single payer
Slate,10,2017,puerto rico,las vegas,health care,executive order,mandate penalty,mass shootings,white house,mass shooters,americans,government
Talking Points Memo,7,2017,health care,house,senate,republican,trump,obamacare,republicans,tax,committee,health
Talking Points Memo,8,2017,north korea,south korean,north korean,port arthur,ku klux klan,supreme court,south korea,white supremacy,white house,white supremacist
Talking Points Memo,9,2017,alabama supreme court,dream act,nancy pelosi,los angeles,national guard,secret service,key west,security council,fox news,south carolina
Talking Points Memo,10,2017,hurricane maria,harvey weinstein,fox news,nbc news,roy moore,bob corker,puerto rico,las vegas,san juan,white house
The Atlantic,4,2017,fox news,north carolina,chuck schumer,anne frank,civil rights,north korean,otto frank,susan rice,terrebonne parish,north korea
The Atlantic,5,2017,saudi arabia,fox news,border patrol,justice department,planned parenthood,north carolina,ninth circuit,supreme court,richard nixon,south carolina
The Atlantic,6,2017,free speech,mental health,national security,hillary clinton,special election,deputy attorney general,white house,tax credits,mitch mcconnell,west virginia
The Atlantic,7,2017,robert mueller,pine ridge,black lives matter,john mccain,supreme court,hobby lobby,ted cruz,capitol hill,vice president,north korea
The Atlantic,8,2017,corpus christi,terry mcauliffe,north korean,supreme court,lyndon johnson,west virginia,african american,north korea,north carolina,thomas jefferson
The Atlantic,9,2017,puerto ricans,nancy pelosi,bernie sanders,virgin islands,puerto rico,lindsey graham,roy moore,fox news,supreme court,lebron james
The Atlantic,10,2017,civil rights,north korea,tax reform,social media,puerto rican,puerto ricans,puerto rico,bob corker,san juan,hurricane maria
The Beaverton,4,2017,at press time,the past,the last,the same,all of,close to,press time,according to,one of,a new
The Beaverton,5,2017,at press time,the new,the first,the most,the next,one of,according to,going to,kinder eggs,to get
The Beaverton,6,2017,climate change,police,party,trudeau,minister,climate,guy,neil,black,sun
The Beaverton,7,2017,uncle ben,trudeau,trump,wedding,social,uncle,canada,long,toronto,money
The Beaverton,8,2017,donald trump,rebel media,canadian,american,paul,trudeau,harvey,america,president,trump
The Beaverton,9,2017,donald trump,white house,trudeau,york,american,war,hot,canada,canadian,school
The Beaverton,10,2017,at press time,to make,press time,and then,scheer,winnipeg,canada,park,toronto,canadian
TheBlaze,4,2017,planned parenthood,north carolina,north korean,hillary clinton,north korea,susan rice,civil rights,san francisco,united airlines,fox news
TheBlaze,5,2017,abu sayyaf,planned parenthood,north korea,oval office,fox news,hillary clinton,supreme court,saudi arabia,foreign minister,president donald trump
TheBlaze,6,2017,supreme court,tucker carlson,attorney general,hillary clinton,fox news,minimum wage,gun violence,climate change,health care,free speech
TheBlaze,7,2017,planned parenthood,hillary clinton,white house,donald trump,united states,health care,president donald trump,repeal obamacare,fox news,republican
TheBlaze,8,2017,supreme court,neo nazis,fox news,attorney general,barack obama,white supremacy,colin kaepernick,north korea,white supremacist,neo nazi
TheBlaze,9,2017,hillary clinton,black lives matter,fox news,north korean,puerto rico,san francisco,north korea,planned parenthood,chuck schumer,barack obama
TheBlaze,10,2017,puerto rico,harvey weinstein,black lives matter,fox news,president barack obama,las vegas,north korea,mandalay bay,pro life,nbc news
The Borowitz Report,4,2017,north,pence,NULL,would,NULL,hundred,NULL,NULL,NULL,NULL
The Borowitz Report,5,2017,the borowitz report,trump,president,house,donald,report,impeachment,people,NULL,NULL
The Borowitz Report,7,2017,white,trump,NULL,NULL,said,NULL,NULL,NULL,NULL,NULL
The Borowitz Report,8,2017,the borowitz report,trump,washington,NULL,NULL,NULL,NULL,NULL,NULL,NULL
The Borowitz Report,9,2017,donald trump,report,trump,donald,white,the borowitz report,people,NULL,NULL,NULL
The Borowitz Report,10,2017,trump,donald,trumps,i.q,NULL,NULL,said,NULL,NULL,NULL
The Burrard Street Journal,4,2017,trump,president,united,canada,NULL,NULL,NULL,NULL,NULL,NULL
The Burrard Street Journal,5,2017,canada,trump,america,president,NULL,NULL,NULL,NULL,NULL,NULL
The Burrard Street Journal,7,2017,day,NULL,NULL,NULL,NULL,NULL,NULL,NULL,NULL,NULL
The Burrard Street Journal,9,2017,news,NULL,NULL,NULL,NULL,NULL,NULL,NULL,NULL,NULL
The Chaser,4,2017,trump,president,sick,mr,days,really,NULL,NULL,NULL,NULL
The Chaser,5,2017,president,trump,house,today,NULL,NULL,NULL,NULL,get,NULL
The Chaser,7,2017,russian,trump,marriage,parliament,government,million,staff,series,stating,mr
The Chaser,8,2017,prime minister,same sex marriage,british,white,president,joyce,trump,gay,house,abbott
The Chaser,9,2017,free,speech,abbott,NULL,NULL,NULL,NULL,NULL,NULL,NULL
The Chaser,10,2017,church,howard,today,NULL,NULL,NULL,NULL,NULL,NULL,NULL
The Conservative Tree House,4,2017,tea party,cold war,marine le pen,xi jinping,middle east,vladimir putin,super bowl,hillary clinton,security council,susan rice
The Conservative Tree House,5,2017,white house,north korea,palestinian authority,fbi director,arctic council,foreign minister,middle class,attorney general,saudi arabia,prime minister
The Conservative Tree House,6,2017,white house,security council,prime minister,hillary clinton,president obama,supreme court,saudi arabia,national security,president donald trump,donald trump
The Conservative Tree House,7,2017,white house,multinational corporations,tax reform,donald trump,united states,secretary,russian,american,america,obamacare
The Conservative Tree House,8,2017,united states,north korean,prime minister,citizens united,wall street,white house,foreign minister,religious freedom,south korea,xi jinping
The Conservative Tree House,9,2017,fox news,puerto rican,mexico city,san juan,south korea,captiva island,virgin islands,puerto rico,saudi arabia,white house
The Conservative Tree House,10,2017,puerto rico,prime minister,indo pacific,san juan,mandalay bay,virgin islands,daily mail,white house,north korea,las vegas
The Daily Beast,4,2017,sexual assault,european union,south carolina,north carolina,supreme court,prime minister,hillary clinton,middle east,oval office,chemical weapons
The Daily Beast,5,2017,fox news,vice president,health care,fbi director,vladimir putin,civil war,white house,deputy attorney general,hillary clinton,attorney general
The Daily Beast,6,2017,fox news,silicon valley,supreme court,los angeles,north korea,san francisco,fbi director,barack obama,social media,health care
The Daily Beast,7,2017,north korea,north korean,hillary clinton,native american,los angeles,liberty bell,washington post,vladimir putin,white house,civil rights
The Daily Beast,8,2017,high school,working class,free speech,hurricane harvey,white nationalist,reality tv,health care,west wing,north korean,barack obama
The Daily Beast,9,2017,capitol hill,mitch mcconnell,virgin islands,saudi arabia,vladimir putin,north korean,roy moore,wall street,bernie sanders,san francisco
The Daily Beast,10,2017,hurricane maria,jimmy kimmel,ben affleck,north korean,north carolina,north korea,stephen colbert,san juan,roman polanski,roger ailes
The Daily Caller,4,2017,executive orders,tax reform,ballistic missile,white supremacy,supreme court,hate speech,james mattis,intercontinental ballistic missile,free trade,planned parenthood
The Daily Caller,5,2017,james comey,hillary clinton,fox news,attorney general,white house,vice president,supreme court,barack obama,classified information,human rights
The Daily Caller,6,2017,prime minister,hillary clinton,south carolina,bernie sanders,north carolina,attorney general,planned parenthood,storm lake,north korea,south africa
The D.C. Clothesline,4,2017,planned parenthood,north korea,san francisco,south korea,sioux falls,north korean,fox news,attorney general,saudi arabia,al qaeda
The D.C. Clothesline,5,2017,global warming,pet food,conspiracy theories,dog food,high school,white house,real estate,james comey,al qaeda,conspiracy theory
The D.C. Clothesline,6,2017,global warming,climate change,fbi director,hillary clinton,al qaeda,donald trump,national security,white house,fake news,south carolina
The D.C. Clothesline,7,2017,common core,john podesta,hillary clinton,fake news,white house,supreme court,united states,unit 731,world war,gun free
The D.C. Clothesline,8,2017,attorney general,civil war,fbi director,national security,neo nazis,deep state,neo nazi,social media,democratic party,fox news
The D.C. Clothesline,9,2017,red cross,cloud seeding,white house,donald trump,fox news,south korea,hurricane harvey,global warming,korean peninsula,climate change
The D.C. Clothesline,10,2017,hillary clinton,north korea,fake news,country music,james comey,false flag,nbc news,pneumonic plague,gun control,music festival
The Duran,4,2017,ron paul,marine le pen,julian assange,rand paul,south korean,devin nunes,susan rice,fake news,sergey lavrov,fox news
The Duran,5,2017,attorney general,barack obama,north korea,european union,saudi arabia,cold war,sergey lavrov,hillary clinton,fbi director,presidential election
The Duran,6,2017,james comey,white house,foreign minister,jeremy corbyn,north korea,al qaeda,hillary clinton,muslim brotherhood,fbi director,rodrigo duterte
The Duran,7,2017,julian assange,tel aviv,hillary clinton,barack obama,minsk ii,prime minister,sergey lavrov,white house,human rights,north korea
The Duran,8,2017,global times,hillary clinton,xi jinping,european union,vladimir putin,middle east,sergey lavrov,rodrigo duterte,saudi arabia,donald trump
The Fiscal Times,4,2017,hillary clinton,capitol hill,wall street,wall street journal,chuck schumer,north korean,north korea,social security,fox news,barack obama
The Fiscal Times,5,2017,wall street,minority leader,social security,deputy attorney general,air force,fbi director,hillary clinton,attorney general,vice president,house republicans
The Fiscal Times,6,2017,saudi arabia,yucca mountain,middle east,puerto rico,susan collins,social security,nuclear waste,fbi director,mitch mcconnell,affordable care act
The Fiscal Times,7,2017,north korea,social security,susan collins,gulf war,affordable care act,monetary policy,congressional budget office,white house,health care,john mccain
The Fiscal Times,8,2017,health care,north korea,white house,health insurance,tax reform,single payer,north korean,air force,united states,white supremacists
The Gateway Pundit,4,2017,susan rice,white house,north korean,sean hannity,marine le pen,hillary clinton,tucker carlson,uc berkeley,south korea,national security council
The Gateway Pundit,5,2017,judicial watch,fox news,james comey,white house,state department,attorney general,anthony weiner,fbi director,hillary clinton,fake news
The Gateway Pundit,6,2017,loretta lynch,maxine waters,united states,president donald trump,hillary clinton,bernie sanders,donald trump,white house,hillary,democratic
The Gateway Pundit,7,2017,hillary clinton,donald trump,democratic,senate,russia,american,russian,hillary,republican,news
The Gateway Pundit,8,2017,white supremacists,vice president,hillary clinton,white supremacist,alt left,black lives matter,left wing,secret service,hurricane harvey,fox news
The Gateway Pundit,9,2017,lindsey graham,colin kaepernick,al qaeda,susan rice,puerto rico,muslim brotherhood,los angeles,san francisco,mitch mcconnell,south carolina
The Gateway Pundit,10,2017,mitch mcconnell,hurricane maria,loretta lynch,los angeles,rose mcgowan,north korea,julian assange,abc news,hong kong,michelle obama
The Guardian,4,2017,south korea,civil rights,north carolina,san francisco,mike pence,jeff sessions,hillary clinton,bernie sanders,supreme court,el paso
The Guardian,5,2017,paul ryan,hillary clinton,richard nixon,black lives matter,vladimir putin,fox news,middle east,capitol hill,barack obama,robert mueller
The Guardian,6,2017,west virginia,hillary clinton,barack obama,james comey,james mattis,mitch mcconnell,civil rights,fox news,social media,prime minister
The Guardian,7,2017,fox news,attorney general,fake news,susan collins,washington dc,congressional budget office,air force,north korea,affordable care act,hillary clinton
The Guardian,8,2017,west wing,nancy pelosi,hurricane harvey,stock market,fox news,health insurance,white supremacy,robert mueller,robert e lee,black lives matter
The Guardian,9,2017,nikki haley,black lives matter,john mccain,capitol hill,silicon valley,joe biden,south korea,los angeles,nancy pelosi,north korean
The Guardian,10,2017,jeff sessions,bernie sanders,hurricane maria,puerto rico,hillary clinton,chuck schumer,climate change,bob corker,las vegas,north korea
The Hill,4,2017,fox news,state department,chemical weapons,national security council,white house,north korea,north korean,hillary clinton,devin nunes,united states
The Hill,5,2017,wall street,deputy attorney general,fox news,hillary clinton,fake news,attorney general,justice department,tax reform,executive order,white house
The Hill,6,2017,fox news,hillary clinton,white house,tax reform,supreme court,attorney general,climate change,fbi director,justice department,donald trump donald
The Hill,7,2017,secret service,north korea,classified information,security clearance,las vegas,hillary clinton,white house,tax reform,g 20,senate republicans
The Hill,8,2017,white house,hillary clinton,north korean,north korea,justice department,fox news,neo nazis,white supremacist,national security,supreme court
The Hill,9,2017,air force,kirsten gillibrand,michelle obama,secret service,dream act,nancy pelosi,rand paul,alabama senate,robert mueller,susan collins
The Hill,10,2017,jimmy kimmel,mitch mcconnell,west point,white house,executive order,justice department,nbc news,fox news,fake news,north korean
The Huffington Post,4,2017,fox news,jeff sessions,hillary clinton,supreme court,human rights,south korea,islamic state,wall street,minority leader,ronald reagan
The Huffington Post,5,2017,asian americans,orange county,democratic party,james comey,justice department,hillary clinton,islamic state,asian american,barack obama,fox news
The Huffington Post,6,2017,saudi arabia,supreme court,fox news,affordable care act,health care,united nations,democratic party,barack obama,islamic state,congressional budget office
The Huffington Post,7,2017,civil rights,secret service,minimum wage,arab americans,climate change,justice department,hillary clinton,white house,tax reform,health care
The Huffington Post,8,2017,neo nazi,justice department,anti semitic,social security,african american,fake news,african americans,north korea,neo nazis,attorney general
The Huffington Post,9,2017,south carolina,virgin islands,fox news,social security,lindsey graham,attorney general,san francisco,ted cruz,jimmy kimmel,wall street
The Huffington Post,10,2017,agent orange,bernie sanders,sandy hook,puerto ricans,north carolina,virgin islands,frederica wilson,puerto rican,patty murray,colin kaepernick
The Inquisitr,4,2017,michelle obama,north korean,elizabeth warren,bernie sanders,north korea,south korea,fake news,barack obama,vanity fair,jason chaffetz
The Inquisitr,5,2017,robert mueller,barack obama,wall street,north korea,michael moore,white house,attorney general,fbi director,fox news,jimmy carter
The Inquisitr,6,2017,james bond,haylie duff,food blog,harry potter,dishes on new netflix project,parks and porsha williams,kandi burruss,exclusive interview,housewives of atlanta because of phaedra,jany temime
The Inquisitr,7,2017,bernie sanders,vladimir putin,fox news,white house,hillary clinton,health care,social media,jared kushner,donald trump,united states
The Inquisitr,8,2017,oval office,barack obama,joe arpaio,white house,bernie sanders,united states,west virginia,hillary clinton,white supremacist,north korea
The Inquisitr,9,2017,fox news,hillary clinton,barack obama,north korea,michelle obama,white house,national anthem,white supremacists,health care,republican party
The Inquisitr,10,2017,north korea,puerto rico,north korean,hillary clinton,czech republic,las vegas,fox news,vice president,hurricane maria,san juan
The New York Times,4,2017,xi jinping,exxon mobil,north carolina,planned parenthood,north korea,mitch mcconnell,south carolina,san francisco,silicon valley,los angeles
The New York Times,5,2017,north carolina,saudi arabia,planned parenthood,south carolina,fox news,attorney general,supreme court,medicare advantage,hillary clinton,white house
The New York Times,6,2017,north korea,saudi arabia,north carolina,capitol hill,mitch mcconnell,planned parenthood,natural gas,supreme court,white house,fox news
The New York Times,7,2017,george mason,supreme court,capitol hill,white house,health care,vice president,united states,at & t,new york,donald trump
The New York Times,8,2017,fox news,civil war,attorney general,ballistic missiles,north carolina,climate change,wall street,hate crimes,ballistic missile,civil rights
The New York Times,9,2017,oval office,south korean,los angeles,supreme court,goldman sachs,free speech,national economic council,puerto rico,north korean,san diego
The New York Times,10,2017,south carolina,hillary clinton,fox news,north carolina,south korea,john mccain,hurricane maria,tea party,north korean,los angeles
The Political Insider,4,2017,planned parenthood,north korea,bernie sanders,south korea,judicial watch,north korean,ann coulter,health care,san francisco,justice department
The Political Insider,5,2017,north korea,south korea,fox news,bernie sanders,white house,justice department,national security,north korean,attorney general,supreme court
The Political Insider,6,2017,loretta lynch,judicial watch,north korea,supreme court,fox news,justice department,kathy griffin,morning joe,barack obama,bernie sanders
The Political Insider,7,2017,fox news,fake news,white house,minimum wage,hillary clinton,classified information,social media,donald trump,united states,sanctuary cities
The Political Insider,8,2017,hurricane harvey,secret service,loretta lynch,bernie sanders,north korean,attorney general,black lives matter,barack obama,colin kaepernick,george washington
The Political Insider,9,2017,colin kaepernick,michelle obama,hurricane harvey,national anthem,fox news,barack obama,white house,state department,tax reform,black lives matter
The Political Insider,10,2017,las vegas,north korea,barack obama,national anthem,harvey weinstein,puerto rico,left wing,attorney general,tax reform,fox news
The Real Strategy,4,2017,national security,american,trump,america,cia,u.s,first amendment,state,president,assange
The Real Strategy,5,2017,north korea,national security,nuclear weapons,saudi arabia,free market,south korea,soviet union,united states,north korean,world war
The Real Strategy,6,2017,united states,dawn luger,human rights,daily sheeple,russian,iraqi,big,journal,syrian,american
The Real Strategy,7,2017,hobby lobby,claire bernish,donald trump,hillary,obama,clinton,department,u.s,trump,syrian
The Real Strategy,8,2017,american,breaking news and videos,news,trump,lot,details,money,click for details,years,sopko
The Right Scoop,4,2017,susan rice,north korea,planned parenthood,fox news,house intelligence committee,white house,prime minister,sexual harassment,vladimir putin,chemical weapons
The Right Scoop,5,2017,civil war,fox news,washington post,white house,national security,le pen,the white house,hillary,senate,american
The Right Scoop,6,2017,fox news,hillary,obama,house,muslim,obamacare,fbi,senate,election,clinton
The Right Scoop,7,2017,obamacare,putin,president,trump,repeal,comey,republicans,vote,mr,meeting
The Right Scoop,8,2017,ted cruz,north korea,white house,fox news,white supremacists,kim jong un,national security,metal detectors,the alt right,charlottesville
The Right Scoop,9,2017,mitch mcconnell,hillary clinton,paul ryan,nancy pelosi,north korea,lindsey graham,attorney general,ted cruz,fox news,social media
The Right Scoop,10,2017,nbc news,harvey weinstein,puerto rico,tax reform,mandalay bay,semi automatic,fox news,las vegas,sexual harassment,fake news
The Shovel,4,2017,the shovel,or follow,on facebook,subscribe to,& twitter,& instagram,instagram,song,days,mr
The Shovel,5,2017,on facebook,or follow,& twitter,& instagram,subscribe to,the shovel,facebook,instagram,leader,corby
The Shovel,6,2017,& instagram,& twitter,on facebook,or follow,subscribe to,the shovel,twitter,follow,NULL,NULL
The Shovel,7,2017,on facebook,or follow,subscribe to,the shovel,& instagram,& twitter,mr,NULL,NULL,NULL
The Shovel,8,2017,same sex,on facebook,subscribe to,the shovel,& twitter,or follow,& instagram,trump,marriage,twitter
The Shovel,9,2017,on facebook,& instagram,& twitter,or follow,the shovel,subscribe to,instagram,facebook,follow,mr
The Shovel,10,2017,on facebook,subscribe to,& twitter,& instagram,or follow,the shovel,facebook,mr,abbott,NULL
The Spoof,4,2017,white house,donald trump,the white house,american,ivanka,media,peace,law,death,gun
The Spoof,5,2017,white house,donald trump,the white house,director,attorney,new york,american,donald,court,news
The Spoof,6,2017,white house,the white house,fbi,washington,city,obama,department,american,attorney,union
The Spoof,7,2017,white house,fake news,united states,donald trump,america,the white house,whitehouse,republican,mueller,secretary
The Spoof,8,2017,white house,donald trump,the white house,news,president trump,america,donald,secretary,office,states
The Spoof,9,2017,white house,hillary clinton,hillary,president,man,lake,trump,presidential,golf,clinton
The Spoof,10,2017,the pledge,said while,white,president,trump,moon,america,bannon,mrs,pardons
ThinkProgress,4,2017,white supremacist,north carolina,white supremacists,fossil fuels,north korea,antiquities act,east chicago,anti semitism,planned parenthood,west virginia
ThinkProgress,5,2017,supreme court,attorney general,hillary clinton,justice department,health care,deputy attorney general,jeff sessions,fox news,fake news,white house
ThinkProgress,6,2017,sickle cell,white house,supreme court,national security,human rights,health care,free speech,renewable energy,climate change,nuclear power
ThinkProgress,7,2017,health care,white house,domestic violence,united states,russian,republicans,donald trump,climate,jr,washington
ThinkProgress,8,2017,civil war,hurricane harvey,white house,white supremacy,climate change,fox news,social media,flood insurance,supreme court,north carolina
ThinkProgress,9,2017,los angeles,san francisco,san diego,puerto rico,north carolina,south carolina,hillary clinton,lindsey graham,title ix,bernie sanders
ThinkProgress,10,2017,puerto rican,los angeles,north korea,planned parenthood,north carolina,ralph northam,san juan,las vegas,virgin islands,carbon dioxide
True Pundit,4,2017,bashar al assad,planned parenthood,global warming,george soros,susan rice,prime minister,maxine waters,supreme court,border patrol,north korean
True Pundit,5,2017,trey gowdy,south korea,tucker carlson,north korean,planned parenthood,jason chaffetz,san francisco,bernie sanders,keith olbermann,george soros
True Pundit,6,2017,storm lake,north korean,george soros,ronald reagan,joe scarborough,north korea,jeh johnson,angela merkel,planned parenthood,loretta lynch
True Pundit,7,2017,chuck grassley,george soros,supreme court,susan collins,bernie sanders,reince priebus,sergei magnitsky,morning joe,kid rock,south carolina
True Pundit,8,2017,tucker carlson,chuck grassley,colin kaepernick,ted cruz,uc berkeley,christopher columbus,lindsey graham,sean hannity,elizabeth warren,debbie wasserman schultz
True Pundit,9,2017,planned parenthood,san diego,roy moore,anthony weiner,loretta lynch,judicial watch,los angeles,george soros,mitch mcconnell,bernie sanders
True Pundit,10,2017,las vegas,bernie sanders,harvey weinstein,tucker carlson,mandalay bay,mitch mcconnell,planned parenthood,frederica wilson,puerto rico,julian assange
TruthFeed,4,2017,wall street,jeff sessions,fox news,maxine waters,susan rice,hillary clinton,white house,attorney general,chemical weapons,supreme court
TruthFeed,5,2017,fbi director,judicial watch,bernie sanders,james comey,san francisco,united states,witch hunt,white house,hillary clinton,le pen
TruthFeed,6,2017,fbi director,supreme court,loretta lynch,special election,hillary clinton,fake news,attorney general,white house,american,republicans
TruthFeed,7,2017,wall street,clinton,hillary,democratic,american,state,russian,obama,republican,house
TruthFeed,8,2017,national security,john mccain,united states,district attorney,left wing,fake news,white house,confederate monuments,democratic,clinton
TruthFeed,9,2017,president trump,trump,president,illegal,menendez,program,daca,people,day,NULL
USA Politics Now,4,2017,judicial watch,north korea,susan rice,south korea,fox news,ben carson,justice department,hillary clinton,mike pence,barack obama
USA Politics Now,5,2017,james comey,saudi arabia,supreme court,white house,hillary clinton,newt gingrich,fbi director,fox news,national security,united states
USA Politics Now,6,2017,trump,hillary,president,NULL,NULL,NULL,NULL,NULL,NULL,NULL
USA Today,4,2017,vladimir putin,nancy pelosi,antonin scalia,planned parenthood,fox news,devin nunes,xi jinping,bernie sanders,tea party,mitch mcconnell
USA Today,5,2017,hillary clinton,deputy attorney general,saudi arabia,justice department,fox news,planned parenthood,barack obama,attorney general,fbi director,usa today
USA Today,6,2017,attorney general,los alamos,north korea,supreme court,hillary clinton,fox news,south carolina,white house,fbi director,usa today
USA Today,7,2017,prime minister,vladimir putin,mitch mcconnell,hillary clinton,white house,donald trump,health care,trump campaign,presidential election,u.s
USA Today,8,2017,secret service,usa today,hurricane harvey,camp david,north korea,health care,religious freedom,white house,neo nazis,white supremacists
USA Today,9,2017,patty murray,planned parenthood,lamar alexander,ted cruz,joe donnelly,supreme court,chuck grassley,south carolina,virgin islands,north carolina
USA Today,10,2017,lamar alexander,patty murray,puerto rico,north korea,las vegas,lindsey graham,san juan,bob corker,dianne feinstein,fox news
Veterans Today,4,2017,south korea,human rights,south korean,north korea,white house,vladimir putin,world war ii,foreign policy,ashkenazi jews,donald trump
Veterans Today,5,2017,attorney general,james comey,south korea,islamic state,george soros,united nations,washington post,air force,human rights,south korean
Veterans Today,6,2017,donald trump,silent hill,roman empire,washington post,islamic revolution,middle east,saudi arabia,united states,syrian army,pyramid head
Veterans Today,7,2017,golan heights,vladimir putin,saudi arabia,shale gas,natural gas,nuclear weapons,soviet union,al qaeda,war crimes,middle east
Veterans Today,8,2017,prime minister,middle east,cold war,white supremacy,state department,south korea,foreign minister,north korean,white supremacists,north korea
Veterans Today,9,2017,benjamin netanyahu,foreign policy,press tv,vladimir putin,false flag,jerusalem post,federal reserve,north korean,islamic state,south korea
Veterans Today,10,2017,south asia,african americans,prime minister,vatican ii,cabinet office,vladimir putin,wall street,benjamin netanyahu,harvey weinstein,iraqi kurdistan
Vox,4,2017,san francisco,fox news,north korea,social security,mitch mcconnell,planned parenthood,south korea,executive orders,house republicans,mike pence
Vox,5,2017,fox news,wall street,north carolina,justice department,susan collins,north korea,west virginia,fbi director,supreme court,fred upton
Vox,6,2017,supreme court,rand paul,julius caesar,planned parenthood,mitch mcconnell,birth control,tax credits,hillary clinton,shelley moore capito,west virginia
Vox,7,2017,hillary clinton,susan collins,vladimir putin,jerry moran,fake news,north korea,wall street,secret service,john mccain,rand paul
Vox,8,2017,mitch mcconnell,social security,justice department,north korea,north carolina,jeff flake,paul ryan,white house,hillary clinton,south carolina
Vox,9,2017,cory booker,puerto rican,fox news,colin kaepernick,salvation army,west virginia,south florida,nancy pelosi,hurricane maria,puerto rico
Vox,10,2017,north korean,hurricane maria,planned parenthood,los angeles,puerto rican,fox news,puerto rico,white house,bernie sanders,wells fargo
Waking Times,4,2017,trilateral commission,chronic pain,chemical weapons,police state,offense minded,self defense,mind control,ruthless non violence,alex pietrowski,zero evidence
Waking Times,5,2017,author bio,intelligence,american,research,science,law,waking times,institute,universal,security
Waking Times,6,2017,trans fats,heart disease,america,journal,depression,war,western,drug,cannabis,government
Waking Times,7,2017,breast cancer,common core,peer review,medical,science,government,medicine,u.s,food,america
Waking Times,8,2017,tap water,animal cruelty,magnetic field,ovarian cancer,free speech,radical leadership,social engineering,alex pietrowski,mainstream media,total individual control technology
Waking Times,9,2017,cloud seeding,hurricane harvey,alex pietrowski,creative commons,mind control,shadow government,grass fed,pointed star,shamanic plant medicine,waking times
Waking Times,10,2017,las vegas,isaac davis,highly evolved,highly evolved civilizations,highly evolved beings,gun control,lord,politics,medicine,drug
Washington Examiner,4,2017,orrin hatch,ruth bader ginsburg,super bowl,adolf hitler,ted cruz,chuck todd,pacific command,mitt romney,nikki haley,marco rubio
Washington Examiner,5,2017,bernie sanders,chuck grassley,chuck schumer,north korea,reince priebus,north carolina,hillary clinton,marine le pen,west virginia,fbi director
Washington Examiner,6,2017,san francisco,ted cruz,colorado springs,north korea,natural gas,civil rights,tax reform,bernie sanders,attorney general,chuck schumer
Washington Examiner,7,2017,secret service,fake news,capitol hill,washington post,donald trump,tax reform,health insurance,intelligence community,house republicans,fox news
Washington Examiner,8,2017,bob corker,elizabeth warren,maricopa county,capitol hill,north dakota,john cornyn,claire mccaskill,coast guard,north korean,wall street journal
Washington Examiner,9,2017,saudi arabia,ted cruz,sean hannity,wall street,ron wyden,kamala harris,nikki haley,kirsten gillibrand,orrin hatch,jeff sessions
Washington Examiner,10,2017,dallas cowboys,frederica wilson,nikki haley,alec baldwin,maxine waters,marsha blackburn,mark warner,ted cruz,jimmy kimmel,lindsey graham
World News Politics,4,2017,donald trump,american,clinton,america,obama,secretary,government,state,money,college
World News Politics,5,2017,hillary clinton,fbi director,attorney general,white house,james comey,fox news,president donald trump,donald trump,hillary,fbi
World News Politics,6,2017,one of,president trump,the president,think of,america,obama,senate,democratic,american,fbi
World News Politics,7,2017,president trump,think of,to get,the president,american,republican,america,putin,clinton,russian
World News Politics,8,2017,white house,barack obama,united states,america,democrats,obama,hillary,senate,american,democratic
World News Politics,9,2017,james comey,nancy pelosi,bernie sanders,barack obama,colin kaepernick,michelle obama,judicial watch,supreme court,paul ryan,press secretary
World News Politics,10,2017,mike pence,fox news,harvey weinstein,hurricane maria,las vegas,puerto rico,san juan,white house,hillary clinton,executive order
Yahoo News,4,2017,north korea,north korean,jeff sessions,wall street,supreme court,wall street journal,getty images,chuck schumer,yahoo news,attorney general
Yahoo News,5,2017,richard nixon,justice department,hillary clinton,fox news,climate change,nbc news,tax reform,barack obama,security clearance,paul ryan
Yahoo News,6,2017,morning joe,hillary clinton,james comey,justice department,minority leader,white house,yahoo news,rand paul,senate republicans,west virginia
Yahoo News,7,2017,sexual assault,single payer,security clearance,yahoo news,white house,fbi director,democratic national committee,affordable care act,vice president,health care
Yahoo News,8,2017,jeff flake,hurricane harvey,boston common,michael brown,fox news,mitch mcconnell,barack obama,getty images,north korean,african americans
Yahoo News,9,2017,rakhine state,mitch mcconnell,supreme court,hillary clinton,julian assange,bernie sanders,puerto rico,north korea,getty images,vladimir putin
Yahoo News,10,2017,hurricane maria,billy bush,harvey weinstein,bob corker,puerto rico,las vegas,hillary clinton,chuck schumer,capitol hill,john mccain
Young Conservatives,4,2017,susan rice,supreme court,fox news,planned parenthood,hillary clinton,national security,chemical weapons,security council,pro life,wall street
Young Conservatives,5,2017,hillary clinton,saudi arabia,saudi arabian,planned parenthood,fbi director,fox news,james comey,white house,attorney general,north korea
Young Conservatives,6,2017,donald trump,clinton,hillary,house,fox,obama,comey,scalise,general,state
Young Conservatives,7,2017,the new york,a lot of,new york times,new york,going to,the most,the new,a lot,one of,clinton
Young Conservatives,8,2017,white house,donald trump,obama,washington,american,democrats,charlottesville,state,news,harvey
Young Conservatives,9,2017,fox news,hillary clinton,united states,climate change,white supremacist,national anthem,president donald trump,donald trump,white house,daily caller
Young Conservatives,10,2017,las vegas,gun control,united states,california,americans,democrats,american,obama,hillary,state
